<productinfo xmlns:xsi="http://www.w3.org/2001/XMLSchema-instance" 
    xsi:noNamespaceSchemaLocation="optional">
    <?xml-stylesheet type="text/xsl"href="optional"?>
    <!-- info.xml file for the AMIGO2 toolbox -->
    <!-- Version 2.0 -->
    <!-- Copyright 2014 BioProcess Engineering Group IIM-CSIC.-->
    
    <!-- Supply the following six elements in the order specified -->
    <!-- (Required) element; matlabrelease content is not currently used -->
    <matlabrelease>2016a</matlabrelease>
    <!-- (Required) The name element appears in the Contents pane -->
    <name>AMIGO2</name>
    <!-- (Required) The type elementidentifies your package; pick one: -->
    <!-- matlab, toolbox, simulink, blockset, links_targets  -->
    <type>toolbox</type>
    <!-- (Optional) icon file to display in the Start button -->
    <icon>sampleicon.gif</icon>
    <!-- (Required if you supply help) relative path to help (HTML) folder -->
    <help_location>htmls</help_location>
    <!-- (Required if you supply help) icon used in the Help browser TOC -->
    <help_contents_icon>$toolbox/matlab/icons/bookicon.gif</help_contents_icon>
    
 <!-- - - - - - - - - - - - -  Start menu - - - - - - - - - - - - - - - -->
    <!-- Optional list of entries to display on Start Menu -->
    <!-- Callback items are function calls or commands for toolbox -->
    <!-- Refresh the Start button to see your entries -->
    <!-- Remove this list if you do not want a Start button entry -->
    <list>
         <listitem>
            <!-- The label provides the text for this menu item --> 
            <label>AMIGO Documentation</label>
            <!-- This callback is a command to open your documentation -->
            <callback>
				web static/AMIGO_productOverview.html -helpbrowser
            </callback>
             <!-- Menu item icon (a toolbox icon from the help browser ) -->
             <icon>$toolbox/matlab/icons/bookicon.gif</icon>
        </listitem>

        <listitem>
             <!-- Include call to open your Web site, if any -->
           <label>AMIGO Web Site</label>
            <callback>web https://sites.google.com/site/amigo2toolbox/ -browser</callback>
            <icon>$docroot/techdoc/matlab_env/examples/webicon.gif</icon>
        </listitem>
        <!-- Add listitems for other features of your toolbox... -->
    </list>
    <!-- - - - - - - - - - - - -  Start menu - - - - - - - - - - - - - - - -->    
</productinfo>